Session,Total,Mean,Std,Num_Points,People
1,510.0,51.0,35.6931365951495,10,1
2,1717.0,90.36842105263158,80.38532931817001,19,1
3,912.0,60.8,41.90669908942279,15,1
4,1248.0,78.0,51.98846025802265,16,1
5,4450.0,96.73913043478261,70.35100403061737,46,1
