Session,Total,Mean,Std,Num_Points,People
1,9269.0,110.3452380952381,71.02426092330467,85,2
2,2630.0,202.30769230769232,96.99861220260199,13,3
3,6074.0,319.6842105263158,131.29020130635922,19,4
